id,name,age,gender,context,outcome,incident,finding,response,url,source_type,records_gap,checked
matthew-leahy,Matthew Leahy,20,Man,Psychosis service; detained at the Linden Centre,Death,"Died on 15 November 2012, eight days after admission.","PHSO identified inadequate risk management and observations, a care plan completed after death, and inadequate action on his report of rape.",The trust initially described care as good. PHSO later found serious failures and sought an action plan.,https://www.ombudsman.org.uk/publications/missed-opportunities-what-lessons-can-be-learned-failings-north-essex/our-investigations,Ombudsman finding,His report of rape is recorded; its occurrence is not resolved by this summary. The full family testimony and the institutional findings must both be read.,2026-10-07
mr-r,Mr R,20,Man,Tentative ADHD and dissocial personality disorder diagnoses; Linden Centre,Death,Died during an inpatient admission in December 2008.,"PHSO found missed opportunities to reduce suicide risk, inadequate medication monitoring, ward-leave risk assessment and care planning.",An internal investigation and inquest preceded the ombudsman investigation. The family experienced continuing injustice from deficient care.,https://www.ombudsman.org.uk/publications/missed-opportunities-what-lessons-can-be-learned-failings-north-essex/our-investigations,Ombudsman finding,"The reviewed source does not establish whether every corrective action was completed. This is an implementation question, not a finding that no action occurred.",2026-10-07
oliver-winson,Oliver Winson,33,Man,Adult ADHD assessment waiting list; substance misuse services,Death,Died from cocaine toxicity on 10 June 2024 after four years on the ADHD waiting list.,The coroner raised national concern about high-risk people awaiting ADHD assessment without treatment or monitoring. Additional funding had not significantly reduced his wait.,"The 20 December 2024 report required a response from NHS England, with actions and a timetable or an explanation for no action.",https://www.judiciary.uk/prevention-of-future-death-reports/oliver-winson-prevention-of-future-deaths-report/,Coroner report,"The reviewed source does not establish whether every corrective action was completed. This is an implementation question, not a finding that no action occurred.",2026-10-07
matthew-caseby,Matthew Caseby,Age not stated in the reviewed report extract,Man,Detained mental health inpatient; Woodbourne Priory,Death,Died after leaving the hospital courtyard during his admission in September 2020.,"The inquest found neglect contributed to death. The report identified inadequate risk assessment, documentation and courtyard security, including missed learning from previous escapes.","CQC reported a guilty plea and a total payment of £693,852 in March 2024. A provider response is published with the coroner report.",https://www.judiciary.uk/prevention-of-future-death-reports/matthew-caseby-prevention-of-future-deaths-report/,Coroner report,"The reviewed source does not establish whether every corrective action was completed. This is an implementation question, not a finding that no action occurred.",2026-10-07
connor-sparrowhawk,Connor Sparrowhawk,18,Boy,"Autism, learning disabilities and epilepsy; Southern Health assessment unit",Death,Drowned following an epileptic seizure while bathing alone in 2013.,"INQUEST records an inquest finding that neglect contributed to death and an independent investigation finding that the death was preventable, with failures in epilepsy management.",The unit closed. His family pursued the failures in care and communication.,https://history.inquest.org.uk/case-profiles/connor-sparrowhawk/,INQUEST case archive reporting formal findings,"The reviewed source does not establish whether every corrective action was completed. This is an implementation question, not a finding that no action occurred.",2026-10-07
jennifer-chalkley,Jennifer Chalkley,17,Girl,"ADHD and autism; education, health and multi-agency support",Death,The 2024 inquest concluded suicide.,"The coroner recorded failures to communicate needs and coordinate support. A mistaken belief that schools first had to spend £6,000 was delaying statutory needs assessments.",The report acknowledged some concerns had been addressed and called for action on the remaining assessment barrier.,https://www.judiciary.uk/prevention-of-future-death-reports/jennifer-chalkley-prevention-of-future-deaths-report/,Coroner report,"The reviewed source does not establish whether every corrective action was completed. This is an implementation question, not a finding that no action occurred.",2026-10-07
joshua-weavers,Joshua Weavers,17,Boy,Suicidal distress; autism assessment and therapy waiting lists,Death,Died by suicide on 4 March 2021 while still waiting for therapy.,Therapy stopped when a therapist left. Further intervention was deferred during a 22-month autism assessment process. The coroner raised national concerns about long waits and monitoring.,"Reports were sent to NHS England, the ICB and the council. Local assessment and monitoring plans still needed commissioning input at the inquest.",https://www.judiciary.uk/prevention-of-future-death-reports/joshua-weavers-prevention-of-future-deaths-report/,Coroner report,"The reviewed source does not establish whether every corrective action was completed. This is an implementation question, not a finding that no action occurred.",2026-10-07
molly-ann-sergeant,Molly-Ann Sergeant,17,Girl,"Depression, self-harm and autism diagnosis; discharge after detention",Death,Died by suicide on 16 October 2020 following discharge in August.,The coroner recorded failures in requested social-care assessments and coordinated aftercare that contributed to death. Statutory confusion delayed reopening the case.,"The report sought action on diagnosis, joined-up assessment and aftercare responsibilities.",https://www.judiciary.uk/prevention-of-future-death-reports/molly-ann-sergeant-prevention-of-future-deaths-report/,Coroner report,"The reviewed source does not establish whether every corrective action was completed. This is an implementation question, not a finding that no action occurred.",2026-10-07
henry-grierson,Henry Grierson,17,Boy,"CAMHS, Recovery Steps and college safeguarding",Death,Died in April 2024; the coroner issued a report on 4 November 2024.,"The coroner was concerned that the college lacked current information after treatment and support ended, and that communication between agencies had not been maintained.",A formal response was required. The public report redacts its recipient and refers to a separate narrative conclusion.,https://www.judiciary.uk/prevention-of-future-death-reports/henry-grierson-prevention-of-future-deaths-report/,Coroner report,The recipient is redacted. The separate narrative conclusion is not reproduced here; these limits do not establish why other records are unavailable.,2026-10-07
beth,Beth / Bethany,17 when the case became public,Girl,Autistic looked-after child; St Andrew’s Healthcare,Serious harm,"Prolonged seclusion and restrictive care; this is a living person’s case, not a death record.","The 2019 review found unmet needs, harmful restriction, weak safeguarding, poor regulatory follow-up and urgent actions with little impact.","NHS England conducted the review for the Secretary of State. It proposed coordinated planning, human-rights scrutiny, community provision and escalation.",https://assets.publishing.service.gov.uk/media/5dc58c73e5274a4eb55909a0/Serious_incident_investigation_report_-_Secretary_of_State_case_review_into_Beth.pdf,Government-published independent review,Only an excerpt was published. DHSC explicitly cites confidentiality and privacy as reasons; the page does not recast that as proof of deliberate concealment.,2026-10-07
amy-el-keria,Amy El-Keria,14,Girl,Complex mental ill health; NHS-funded Priory children’s hospital,Death,Died by suicide while an inpatient. INQUEST records repeated restraint and sedative injections.,INQUEST records an inquest finding that neglect contributed to death and a guilty plea to health and safety breaches.,"The Priory was fined £300,000. Her mother Tania campaigned for accountability; Amy’s sister continued after Tania’s death.",https://history.inquest.org.uk/case-profiles/amy-el-keria/,INQUEST case archive reporting formal findings,"The reviewed source does not establish whether every corrective action was completed. This is an implementation question, not a finding that no action occurred.",2026-10-07
charlie-millers,Charlie Millers,17,Transgender boy,ADHD; suspected autism; Junction 17 children’s inpatient unit,Death,Died after a self-harm incident following return from home leave.,"INQUEST records a 2024 jury conclusion that he did not intend to die, alongside failures in inter-service engagement and family support.",His mother Samantha continues to campaign. The archive links his pen portrait and the April 2024 prevention report.,https://history.inquest.org.uk/case-profiles/charlie-millers/,INQUEST case archive reporting formal findings,"The reviewed source does not establish whether every corrective action was completed. This is an implementation question, not a finding that no action occurred.",2026-10-07
colette-mcculloch,Colette McCulloch,35,Woman,"Autism diagnosed in adulthood; anorexia, anxiety and OCD; Pathway House",Death,Died after being struck by a lorry in July 2016 while missing from her placement.,"INQUEST records a full inquest, secured after a legal battle, which identified an avoidable tragedy and multiple care-home failures.",Her parents Andy and Amanda published a memoir and spoke publicly about the fight to secure scrutiny.,https://history.inquest.org.uk/case-profiles/colette-mcculloch/,INQUEST case archive reporting formal findings,"The reviewed source does not establish whether every corrective action was completed. This is an implementation question, not a finding that no action occurred.",2026-10-07
