type,id,from,to,relation,style,statement,tier,source_id,citation,doi,pmid,location,quote,read,caveat
node,tyrosine,,,process,,"Tyrosine, an amino acid, is the starting material for dopamine. It comes from protein in food, and the body can also make it from another amino acid, phenylalanine, using the enzyme phenylalanine hydroxylase (PAH).",A,vanwegberg2017,van Wegberg AMJ et al. The complete European guidelines on phenylketonuria: diagnosis and treatment. Orphanet J Rare Dis 2017;12(1):162.,10.1186/s13023-017-0685-2,29025426,Abstract,phenylalanine hydroxylase that converts phenylalanine into tyrosine,full text,This map is not diet advice. It does not show that eating more protein or taking tyrosine changes ADHD symptoms.
node,brain-entry,,,process,,"To reach brain nerve cells, tyrosine has to cross the blood–brain barrier. It uses LAT1 (gene SLC7A5), a carrier for large neutral amino acids, and competes for it with other amino acids of that type, such as phenylalanine.",A,wittmann2015,"Wittmann G, Mohácsik P, Balkhi MY, Gereben B, Lechan RM. Endotoxin-induced inflammation down-regulates L-type amino acid transporter 1 (LAT1) expression at the blood-brain barrier of male rats and mice. Fluids Barriers CNS 2015;12:21.",10.1186/s12987-015-0016-8,26337286,Discussion,LAT1 is a high affinity amino acid transporter that accounts for the uptake of large neutral amino acids into the brain,full text,The LAT1 statement comes from the discussion section of a rat and mouse study and describes the transporter's general role.
node,brain-entry,,,process,,"To reach brain nerve cells, tyrosine has to cross the blood–brain barrier. It uses LAT1 (gene SLC7A5), a carrier for large neutral amino acids, and competes for it with other amino acids of that type, such as phenylalanine.",A,vanwegberg2017,van Wegberg AMJ et al. The complete European guidelines on phenylketonuria: diagnosis and treatment. Orphanet J Rare Dis 2017;12(1):162.,10.1186/s13023-017-0685-2,29025426,Biochemical markers for assessment of metabolic control; Functional effect of Phe-free L-amino acid supplements,Phe and Tyr compete to cross the blood–brain barrier … LNAA block the transport of Phe across the blood brain barrier,full text,The LAT1 statement comes from the discussion section of a rat and mouse study and describes the transporter's general role.
node,th,,,process,,"The enzyme tyrosine hydroxylase (TH) converts tyrosine to L-DOPA. It is the rate-limiting step: the slowest, most tightly controlled step in making dopamine and the other catecholamines.",A,daubner2011,"Daubner SC, Le T, Wang S. Tyrosine hydroxylase and regulation of dopamine synthesis. Arch Biochem Biophys 2011;508(1):1-12.",10.1016/j.abb.2010.12.017,21176768,Abstract,Tyrosine hydroxylase is the rate-limiting enzyme of catecholamine biosynthesis; it uses tetrahydrobiopterin and molecular oxygen to convert tyrosine to DOPA.,full text,"“Rate-limiting” describes how much dopamine is made. How strongly dopamine signals also depends on packaging, release, receptors and clearance."
node,th,,,process,,"The enzyme tyrosine hydroxylase (TH) converts tyrosine to L-DOPA. It is the rate-limiting step: the slowest, most tightly controlled step in making dopamine and the other catecholamines.",A,daubner2011,"Daubner SC, Le T, Wang S. Tyrosine hydroxylase and regulation of dopamine synthesis. Arch Biochem Biophys 2011;508(1):1-12.",10.1016/j.abb.2010.12.017,21176768,1. Background,it must be in the ferrous state to carry out catalysis,full text,"“Rate-limiting” describes how much dopamine is made. How strongly dopamine signals also depends on packaging, release, receptors and clearance."
node,aadc,,,process,,"The enzyme aromatic L-amino acid decarboxylase (AADC, gene DDC) converts L-DOPA to dopamine.",A,daubner2011,"Daubner SC, Le T, Wang S. Tyrosine hydroxylase and regulation of dopamine synthesis. Arch Biochem Biophys 2011;508(1):1-12.",10.1016/j.abb.2010.12.017,21176768,Introduction,after decarboxylation to dopamine is transferred into the synaptic vesicle,full text,"AADC deficiency is a rare inherited condition. It is mentioned to show that this step matters, not as an explanation of ADHD."
node,aadc,,,process,,"The enzyme aromatic L-amino acid decarboxylase (AADC, gene DDC) converts L-DOPA to dopamine.",A,wassenberg2017,Wassenberg T et al. Consensus guideline for the diagnosis and treatment of aromatic l-amino acid decarboxylase (AADC) deficiency. Orphanet J Rare Dis 2017;12(1):12.,10.1186/s13023-016-0522-z,28100251,Abstract; Lumbar puncture,"a rare, autosomal recessive neurometabolic disorder … secondary failure of AADC due to a deficiency of its cofactor pyridoxal phosphate (PLP)",full text,"AADC deficiency is a rare inherited condition. It is mentioned to show that this step matters, not as an explanation of ADHD."
node,vmat2,,,process,,"VMAT2 (gene SLC18A2) loads dopamine from inside the cell into vesicles, the small sacs that store it ready for release.",A,german2015,"German CL, Baladi MG, McFadden LM, Hanson GR, Fleckenstein AE. Regulation of the dopamine and vesicular monoamine transporters: pharmacological targets and implications for disease. Pharmacol Rev 2015;67(4):1005-1024.",10.1124/pr.114.010397,26408528,Abstract,"DAT and … VMAT-2, which transport DA into presynaptic terminals and synaptic vesicles, respectively",abstract,"After release, vesicles are recycled and refilled; that cycle is not drawn as a separate step."
node,vmat2,,,process,,"VMAT2 (gene SLC18A2) loads dopamine from inside the cell into vesicles, the small sacs that store it ready for release.",A,faraone2018,Faraone SV. The pharmacology of amphetamine and methylphenidate: relevance to the neurobiology of attention-deficit/hyperactivity disorder and other psychiatric comorbidities. Neurosci Biobehav Rev 2018;87:255-270.,10.1016/j.neubiorev.2018.02.001,29428394,Amphetamine; Methylphenidate,increases vesicular DA release via inhibition of the vesicular monoamine transporter 2 (VMAT-2) … redistribution of VMAT-2,full text,"After release, vesicles are recycled and refilled; that cycle is not drawn as a separate step."
node,vmat2,,,process,,"VMAT2 (gene SLC18A2) loads dopamine from inside the cell into vesicles, the small sacs that store it ready for release.",A,sudhof2013,Südhof TC. Neurotransmitter release: the last millisecond in the life of a synaptic vesicle. Neuron 2013;80(3):675-690.,10.1016/j.neuron.2013.10.022,24183019,Figure 2 legend,"vesicles are recycled, refilled with neurotransmitters, and reused for release",full text,"After release, vesicles are recycled and refilled; that cycle is not drawn as a separate step."
node,release,,,process,,"When an electrical signal reaches the nerve ending, calcium flows in and triggers vesicles to fuse with the cell membrane, releasing dopamine into the gap between cells.",A,sudhof2013,Südhof TC. Neurotransmitter release: the last millisecond in the life of a synaptic vesicle. Neuron 2013;80(3):675-690.,10.1016/j.neuron.2013.10.022,24183019,Abstract,Ca2+ entering a presynaptic terminal triggers synaptic vesicle exocytosis and neurotransmitter release in less than a millisecond,full text,Release is adjusted moment to moment by the cell's activity and by autoreceptor feedback.
node,bh4,,,support,,"Tetrahydrobiopterin (BH4) is a helper molecule (cofactor) that tyrosine hydroxylase needs. BH4 has its own rate-limiting step, made by the enzyme GTP cyclohydrolase I (GCH1).",A,daubner2011,"Daubner SC, Le T, Wang S. Tyrosine hydroxylase and regulation of dopamine synthesis. Arch Biochem Biophys 2011;508(1):1-12.",10.1016/j.abb.2010.12.017,21176768,Abstract,uses tetrahydrobiopterin and molecular oxygen to convert tyrosine to DOPA,full text,"A support link, not a step in the sequence."
node,bh4,,,support,,"Tetrahydrobiopterin (BH4) is a helper molecule (cofactor) that tyrosine hydroxylase needs. BH4 has its own rate-limiting step, made by the enzyme GTP cyclohydrolase I (GCH1).",A,daubner2011,"Daubner SC, Le T, Wang S. Tyrosine hydroxylase and regulation of dopamine synthesis. Arch Biochem Biophys 2011;508(1):1-12.",10.1016/j.abb.2010.12.017,21176768,"3.3 PP2A, AADC, GTP cyclohydrolase, VMAT, DJ-1","GTP cyclohydrolase (GTPCH), the rate-limiting enzyme of tetrahydrobiopterin synthesis",full text,"A support link, not a step in the sequence."
node,plp,,,support,,"Pyridoxal phosphate (PLP), the active form of vitamin B6, is the cofactor AADC needs to convert L-DOPA to dopamine.",A,wassenberg2017,Wassenberg T et al. Consensus guideline for the diagnosis and treatment of aromatic l-amino acid decarboxylase (AADC) deficiency. Orphanet J Rare Dis 2017;12(1):12.,10.1186/s13023-016-0522-z,28100251,Lumbar puncture,secondary failure of AADC due to a deficiency of its cofactor pyridoxal phosphate (PLP),full text,"A support link, not a step. This map does not give supplement advice."
node,proton-pump,,,support,,"A pump in the vesicle wall, the vesicular proton ATPase (V-ATPase), uses ATP to push protons into the vesicle, making it acidic and charged inside. Vesicle transporters, including VMAT2, use this gradient to load their transmitter.",A,munster2016,"Münster-Wandowski A, Zander JF, Richter K, Ahnert-Hilger G. Co-existence of functionally different vesicular neurotransmitter transporters. Front Synaptic Neurosci 2016;8:4.",10.3389/fnsyn.2016.00004,26909036,Abstract; Vesicular Synergy of VNTs,all VNTs rely on the vesicular VoATPase that pumps H+ ions into the SV and builds up an electrochemical gradient,full text,The pump is not driven directly by the mitochondria's own proton gradient; energy supply matters through ATP (GEN-03).
node,atp,,,support,,ATP is the cell's energy currency. The vesicle's proton pump is an ATPase: it uses ATP to do its work.,A,munster2016,"Münster-Wandowski A, Zander JF, Richter K, Ahnert-Hilger G. Co-existence of functionally different vesicular neurotransmitter transporters. Front Synaptic Neurosci 2016;8:4.",10.3389/fnsyn.2016.00004,26909036,Abstract,an electrochemical gradient ΔμH+ driven by the proton ATPase,full text,"This is not a measure of anyone's energy, tiredness or “battery level”."
node,receptors,,,process,,"Released dopamine binds dopamine receptors on nearby cells. There are five types, D1 to D5, grouped as D1-like (D1 and D5) and D2-like (D2, D3 and D4).",A,ford2014,Ford CP. The role of D2-autoreceptors in regulating dopamine neuron activity and transmission. Neuroscience 2014;282:13-22.,10.1016/j.neuroscience.2014.01.025,24463000,Dopamine D2-autoreceptors – Location and Behavioral Function,"The five mammalian receptor subtypes are divided into two major groups that form the D1-like (D1 and D5) and D2-like (D2, D3, and D4) receptors.",full text,Receptor signalling inside the receiving cell is not drawn.
node,receptors,,,process,,"Released dopamine binds dopamine receptors on nearby cells. There are five types, D1 to D5, grouped as D1-like (D1 and D5) and D2-like (D2, D3 and D4).",A,beaulieu2011,"Beaulieu JM, Gainetdinov RR. The physiology, signaling, and pharmacology of dopamine receptors. Pharmacol Rev 2011;63(1):182-217.",10.1124/pr.110.002642,21303898,Abstract,"multiple pharmacologically active compounds that directly target dopamine receptors, such as antiparkinson drugs and antipsychotics",abstract,Receptor signalling inside the receiving cell is not drawn.
node,receptors,,,process,,"Released dopamine binds dopamine receptors on nearby cells. There are five types, D1 to D5, grouped as D1-like (D1 and D5) and D2-like (D2, D3 and D4).",A,gizer2009,"Gizer IR, Ficks C, Waldman ID. Candidate gene studies of ADHD: a meta-analytic review. Hum Genet 2009;126(1):51-90.",10.1007/s00439-009-0694-x,19506906,as cited on GEN-03,candidate-gene signals for DRD4 and DRD5,as summarised on GEN-03; not re-read for this page,Receptor signalling inside the receiving cell is not drawn.
node,receptors,,,process,,"Released dopamine binds dopamine receptors on nearby cells. There are five types, D1 to D5, grouped as D1-like (D1 and D5) and D2-like (D2, D3 and D4).",A,demontis2023,"Demontis D et al. Genome-wide analyses of ADHD identify 27 risk loci, refine the genetic architecture and implicate several cognitive domains. Nat Genet 2023;55(2):198-208.",10.1038/s41588-022-01285-8,36702997,Table 1,nearby genes within 50 kb of index variants,Table 1 and author manuscript,Receptor signalling inside the receiving cell is not drawn.
node,reuptake,,,process,,"After release, the dopamine transporter (DAT, gene SLC6A3) carries dopamine back into the releasing cell. In the striatum this is the main way released dopamine is cleared. In the frontal cortex DAT is sparse: mouse studies found that dopamine there is taken up mainly by the noradrenaline transporter (NET, gene SLC6A2).",A,ford2014,Ford CP. The role of D2-autoreceptors in regulating dopamine neuron activity and transmission. Neuroscience 2014;282:13-22.,10.1016/j.neuroscience.2014.01.025,24463000,2) Regulation of Uptake,clearance of dopamine from the extracellular space is primarily determined by uptake by the dopamine transporter (DAT),full text,"The frontal-cortex finding comes from mouse studies; how closely it applies to people is less certain. How much dopamine taken back up is reused is not drawn, because it was not separately source-checked."
node,reuptake,,,process,,"After release, the dopamine transporter (DAT, gene SLC6A3) carries dopamine back into the releasing cell. In the striatum this is the main way released dopamine is cleared. In the frontal cortex DAT is sparse: mouse studies found that dopamine there is taken up mainly by the noradrenaline transporter (NET, gene SLC6A2).",A,moron2002,"Morón JA, Brockington A, Wise RA, Rocha BA, Hope BT. Dopamine uptake through the norepinephrine transporter in brain regions with low levels of the dopamine transporter: evidence from knock-out mouse lines. J Neurosci 2002;22(2):389-395.",10.1523/jneurosci.22-02-00389.2002,11784783,Abstract,"whereas dopamine uptake in caudate and nucleus accumbens depends primarily on the DAT, dopamine uptake in frontal cortex depends primarily on the NET",abstract,"The frontal-cortex finding comes from mouse studies; how closely it applies to people is less certain. How much dopamine taken back up is reused is not drawn, because it was not separately source-checked."
node,reuptake,,,process,,"After release, the dopamine transporter (DAT, gene SLC6A3) carries dopamine back into the releasing cell. In the striatum this is the main way released dopamine is cleared. In the frontal cortex DAT is sparse: mouse studies found that dopamine there is taken up mainly by the noradrenaline transporter (NET, gene SLC6A2).",A,faraone2018,Faraone SV. The pharmacology of amphetamine and methylphenidate: relevance to the neurobiology of attention-deficit/hyperactivity disorder and other psychiatric comorbidities. Neurosci Biobehav Rev 2018;87:255-270.,10.1016/j.neubiorev.2018.02.001,29428394,Methylphenidate; Amphetamine,The direct effects of MPH include inhibition of the DAT and NET … release of cytosolic DA via reverse transport by the DAT,full text,"The frontal-cortex finding comes from mouse studies; how closely it applies to people is less certain. How much dopamine taken back up is reused is not drawn, because it was not separately source-checked."
node,reuptake,,,process,,"After release, the dopamine transporter (DAT, gene SLC6A3) carries dopamine back into the releasing cell. In the striatum this is the main way released dopamine is cleared. In the frontal cortex DAT is sparse: mouse studies found that dopamine there is taken up mainly by the noradrenaline transporter (NET, gene SLC6A2).",A,gizer2009,"Gizer IR, Ficks C, Waldman ID. Candidate gene studies of ADHD: a meta-analytic review. Hum Genet 2009;126(1):51-90.",10.1007/s00439-009-0694-x,19506906,as cited on GEN-03,candidate-gene signal for DAT1,as summarised on GEN-03; not re-read for this page,"The frontal-cortex finding comes from mouse studies; how closely it applies to people is less certain. How much dopamine taken back up is reused is not drawn, because it was not separately source-checked."
node,breakdown,,,process,,"Dopamine is broken down by two enzyme families, monoamine oxidase (MAO) and catechol-O-methyltransferase (COMT). In the mouse frontal cortex, COMT accounts for about half of dopamine clearance.",A,kaenmaki2010,Käenmäki M et al. Quantitative role of COMT in dopamine clearance in the prefrontal cortex of freely moving mice. J Neurochem 2010;114(6):1745-1755.,10.1111/j.1471-4159.2010.06889.x,20626558,Abstract,"in the mouse, PFC COMT contributes about one half of the total DA clearance",abstract,The regional figure comes from a mouse study.
node,breakdown,,,process,,"Dopamine is broken down by two enzyme families, monoamine oxidase (MAO) and catechol-O-methyltransferase (COMT). In the mouse frontal cortex, COMT accounts for about half of dopamine clearance.",A,faraone2018,Faraone SV. The pharmacology of amphetamine and methylphenidate: relevance to the neurobiology of attention-deficit/hyperactivity disorder and other psychiatric comorbidities. Neurosci Biobehav Rev 2018;87:255-270.,10.1016/j.neubiorev.2018.02.001,29428394,Abstract,monoamine oxidase activity inhibition,full text,The regional figure comes from a mouse study.
node,autoreceptor,,,feedback,,"Some released dopamine binds D2-type autoreceptors on the releasing cell itself. They act as a brake: feedback that controls the cell's firing and how much dopamine it makes, releases and takes back up.",A,ford2014,Ford CP. The role of D2-autoreceptors in regulating dopamine neuron activity and transmission. Neuroscience 2014;282:13-22.,10.1016/j.neuroscience.2014.01.025,24463000,Abstract; Introduction,"providing feedback inhibition that controls cell firing and the synthesis, release, and uptake of dopamine",full text,Feedback keeps the system within a working range. It is not a fixed personal set-point.
node,noradrenaline,,,branch,,"In noradrenaline-releasing nerve cells there is one extra step. Inside vesicles, the enzyme dopamine β-hydroxylase (DBH) converts dopamine to noradrenaline. This happens in the brain, in nerves elsewhere in the body, and in the adrenal gland.",A,wassenberg2021,Wassenberg T et al. Clinical presentation and long-term follow-up of dopamine beta hydroxylase deficiency. J Inherit Metab Dis 2021;44(3):554-565.,10.1002/jimd.12321,33034372,Introduction,(nor)adrenergic neurosecretory vesicles in the central and peripheral nervous system … where the enzyme DBH … converts dopamine to norepinephrine,full text,Shown for context. This page does not map the noradrenaline system in detail. DBH's own cofactors are not listed because they were not source-checked for this page.
node,noradrenaline,,,branch,,"In noradrenaline-releasing nerve cells there is one extra step. Inside vesicles, the enzyme dopamine β-hydroxylase (DBH) converts dopamine to noradrenaline. This happens in the brain, in nerves elsewhere in the body, and in the adrenal gland.",A,daubner2011,"Daubner SC, Le T, Wang S. Tyrosine hydroxylase and regulation of dopamine synthesis. Arch Biochem Biophys 2011;508(1):1-12.",10.1016/j.abb.2010.12.017,21176768,Introduction,Catecholamine synthesis then continues in vesicles via the actions of dopamine-β-hydroxylase,full text,Shown for context. This page does not map the noradrenaline system in detail. DBH's own cofactors are not listed because they were not source-checked for this page.
node,noradrenaline,,,branch,,"In noradrenaline-releasing nerve cells there is one extra step. Inside vesicles, the enzyme dopamine β-hydroxylase (DBH) converts dopamine to noradrenaline. This happens in the brain, in nerves elsewhere in the body, and in the adrenal gland.",A,faraone2018,Faraone SV. The pharmacology of amphetamine and methylphenidate: relevance to the neurobiology of attention-deficit/hyperactivity disorder and other psychiatric comorbidities. Neurosci Biobehav Rev 2018;87:255-270.,10.1016/j.neubiorev.2018.02.001,29428394,Abstract,dopamine and norepinephrine transporter inhibition,full text,Shown for context. This page does not map the noradrenaline system in detail. DBH's own cofactors are not listed because they were not source-checked for this page.
node,outside-brain,,,branch,,"Tyrosine hydroxylase also works outside the brain, for example in the adrenal gland, which makes adrenaline. Levodopa taken as a medicine is mostly broken down in the body before it reaches the brain, mainly by AADC, so it is given with a peripheral AADC inhibitor such as carbidopa or benserazide.",A,daubner2011,"Daubner SC, Le T, Wang S. Tyrosine hydroxylase and regulation of dopamine synthesis. Arch Biochem Biophys 2011;508(1):1-12.",10.1016/j.abb.2010.12.017,21176768,Introduction,"In the latter, they are synthesized in the adrenal medulla",full text,"“Entry into the brain, then conversion” is the order for brain dopamine cells only, not for the adrenal gland or other nerves."
node,outside-brain,,,branch,,"Tyrosine hydroxylase also works outside the brain, for example in the adrenal gland, which makes adrenaline. Levodopa taken as a medicine is mostly broken down in the body before it reaches the brain, mainly by AADC, so it is given with a peripheral AADC inhibitor such as carbidopa or benserazide.",A,tambasco2018,"Tambasco N, Romoli M, Calabresi P. Levodopa in Parkinson's disease: current status and future developments. Curr Neuropharmacol 2018;16(8):1239-1252.",10.2174/1570159x15666170510143821,28494719,Abstract; Pharmacokinetic and pharmacodynamic challenges,"peripherally, LD is primarily metabolized by AADC, monoamine oxidase (MAO), and catechol O-methyltransferase (COMT) … benserazide and carbidopa",full text,"“Entry into the brain, then conversion” is the order for brain dopamine cells only, not for the adrenal gland or other nerves."
edge,e-tyrosine-brain-entry,tyrosine,brain-entry,transport,step,Tyrosine in the blood is carried into the brain by LAT1.,A,wittmann2015,"Wittmann G, Mohácsik P, Balkhi MY, Gereben B, Lechan RM. Endotoxin-induced inflammation down-regulates L-type amino acid transporter 1 (LAT1) expression at the blood-brain barrier of male rats and mice. Fluids Barriers CNS 2015;12:21.",10.1186/s12987-015-0016-8,26337286,Discussion,LAT1 is a high affinity amino acid transporter that accounts for the uptake of large neutral amino acids into the brain,full text,
edge,e-tyrosine-brain-entry,tyrosine,brain-entry,transport,step,Tyrosine in the blood is carried into the brain by LAT1.,A,vanwegberg2017,van Wegberg AMJ et al. The complete European guidelines on phenylketonuria: diagnosis and treatment. Orphanet J Rare Dis 2017;12(1):162.,10.1186/s13023-017-0685-2,29025426,Biochemical markers for assessment of metabolic control; Functional effect of Phe-free L-amino acid supplements,Phe and Tyr compete to cross the blood–brain barrier … LNAA block the transport of Phe across the blood brain barrier,full text,
edge,e-brain-entry-th,brain-entry,th,supply,step,Tyrosine inside the brain is the starting material for tyrosine hydroxylase.,A,daubner2011,"Daubner SC, Le T, Wang S. Tyrosine hydroxylase and regulation of dopamine synthesis. Arch Biochem Biophys 2011;508(1):1-12.",10.1016/j.abb.2010.12.017,21176768,Abstract,Tyrosine hydroxylase is the rate-limiting enzyme of catecholamine biosynthesis; it uses tetrahydrobiopterin and molecular oxygen to convert tyrosine to DOPA.,full text,
edge,e-th-aadc,th,aadc,conversion,step,"Tyrosine hydroxylase's product, L-DOPA, is converted to dopamine by AADC.",A,daubner2011,"Daubner SC, Le T, Wang S. Tyrosine hydroxylase and regulation of dopamine synthesis. Arch Biochem Biophys 2011;508(1):1-12.",10.1016/j.abb.2010.12.017,21176768,Introduction,after decarboxylation to dopamine is transferred into the synaptic vesicle,full text,
edge,e-aadc-vmat2,aadc,vmat2,packaging,step,Newly made dopamine is loaded into vesicles by VMAT2.,A,daubner2011,"Daubner SC, Le T, Wang S. Tyrosine hydroxylase and regulation of dopamine synthesis. Arch Biochem Biophys 2011;508(1):1-12.",10.1016/j.abb.2010.12.017,21176768,Introduction,after decarboxylation to dopamine is transferred into the synaptic vesicle,full text,
edge,e-aadc-vmat2,aadc,vmat2,packaging,step,Newly made dopamine is loaded into vesicles by VMAT2.,A,german2015,"German CL, Baladi MG, McFadden LM, Hanson GR, Fleckenstein AE. Regulation of the dopamine and vesicular monoamine transporters: pharmacological targets and implications for disease. Pharmacol Rev 2015;67(4):1005-1024.",10.1124/pr.114.010397,26408528,Abstract,"DAT and … VMAT-2, which transport DA into presynaptic terminals and synaptic vesicles, respectively",abstract,
edge,e-vmat2-release,vmat2,release,release,step,Filled vesicles release dopamine when calcium enters the nerve ending.,A,sudhof2013,Südhof TC. Neurotransmitter release: the last millisecond in the life of a synaptic vesicle. Neuron 2013;80(3):675-690.,10.1016/j.neuron.2013.10.022,24183019,Abstract,Ca2+ entering a presynaptic terminal triggers synaptic vesicle exocytosis and neurotransmitter release in less than a millisecond,full text,
edge,e-bh4-th,bh4,th,cofactor,support,Tyrosine hydroxylase needs BH4 to work.,A,daubner2011,"Daubner SC, Le T, Wang S. Tyrosine hydroxylase and regulation of dopamine synthesis. Arch Biochem Biophys 2011;508(1):1-12.",10.1016/j.abb.2010.12.017,21176768,Abstract,Tyrosine hydroxylase is the rate-limiting enzyme of catecholamine biosynthesis; it uses tetrahydrobiopterin and molecular oxygen to convert tyrosine to DOPA.,full text,
edge,e-plp-aadc,plp,aadc,cofactor,support,AADC needs PLP to work.,A,wassenberg2017,Wassenberg T et al. Consensus guideline for the diagnosis and treatment of aromatic l-amino acid decarboxylase (AADC) deficiency. Orphanet J Rare Dis 2017;12(1):12.,10.1186/s13023-016-0522-z,28100251,Abstract; Lumbar puncture,"a rare, autosomal recessive neurometabolic disorder … secondary failure of AADC due to a deficiency of its cofactor pyridoxal phosphate (PLP)",full text,
edge,e-proton-pump-vmat2,proton-pump,vmat2,gradient,support,VMAT2 uses the proton gradient built by the vesicle's proton pump.,A,munster2016,"Münster-Wandowski A, Zander JF, Richter K, Ahnert-Hilger G. Co-existence of functionally different vesicular neurotransmitter transporters. Front Synaptic Neurosci 2016;8:4.",10.3389/fnsyn.2016.00004,26909036,Abstract; Vesicular Synergy of VNTs,all VNTs rely on the vesicular VoATPase that pumps H+ ions into the SV and builds up an electrochemical gradient,full text,
edge,e-atp-proton-pump,atp,proton-pump,energy,support,The proton pump uses ATP.,A,munster2016,"Münster-Wandowski A, Zander JF, Richter K, Ahnert-Hilger G. Co-existence of functionally different vesicular neurotransmitter transporters. Front Synaptic Neurosci 2016;8:4.",10.3389/fnsyn.2016.00004,26909036,Abstract; Vesicular Synergy of VNTs,all VNTs rely on the vesicular VoATPase that pumps H+ ions into the SV and builds up an electrochemical gradient,full text,
edge,e-release-receptors,release,receptors,binding,step,Released dopamine binds receptors on nearby cells.,A,ford2014,Ford CP. The role of D2-autoreceptors in regulating dopamine neuron activity and transmission. Neuroscience 2014;282:13-22.,10.1016/j.neuroscience.2014.01.025,24463000,Dopamine D2-autoreceptors – Location and Behavioral Function,"The five mammalian receptor subtypes are divided into two major groups that form the D1-like (D1 and D5) and D2-like (D2, D3, and D4) receptors.",full text,
edge,e-release-receptors,release,receptors,binding,step,Released dopamine binds receptors on nearby cells.,A,beaulieu2011,"Beaulieu JM, Gainetdinov RR. The physiology, signaling, and pharmacology of dopamine receptors. Pharmacol Rev 2011;63(1):182-217.",10.1124/pr.110.002642,21303898,Abstract,"multiple pharmacologically active compounds that directly target dopamine receptors, such as antiparkinson drugs and antipsychotics",abstract,
edge,e-release-reuptake,release,reuptake,reuptake,step,"Released dopamine is carried back into the releasing cell, mainly by DAT in the striatum.",A,ford2014,Ford CP. The role of D2-autoreceptors in regulating dopamine neuron activity and transmission. Neuroscience 2014;282:13-22.,10.1016/j.neuroscience.2014.01.025,24463000,2) Regulation of Uptake,clearance of dopamine from the extracellular space is primarily determined by uptake by the dopamine transporter (DAT),full text,Striatum. Frontal cortex differs (mouse studies).
edge,e-release-reuptake,release,reuptake,reuptake,step,"Released dopamine is carried back into the releasing cell, mainly by DAT in the striatum.",A,moron2002,"Morón JA, Brockington A, Wise RA, Rocha BA, Hope BT. Dopamine uptake through the norepinephrine transporter in brain regions with low levels of the dopamine transporter: evidence from knock-out mouse lines. J Neurosci 2002;22(2):389-395.",10.1523/jneurosci.22-02-00389.2002,11784783,Abstract,"whereas dopamine uptake in caudate and nucleus accumbens depends primarily on the DAT, dopamine uptake in frontal cortex depends primarily on the NET",abstract,Striatum. Frontal cortex differs (mouse studies).
edge,e-release-breakdown,release,breakdown,breakdown,step,Released dopamine is broken down by MAO and COMT.,A,kaenmaki2010,Käenmäki M et al. Quantitative role of COMT in dopamine clearance in the prefrontal cortex of freely moving mice. J Neurochem 2010;114(6):1745-1755.,10.1111/j.1471-4159.2010.06889.x,20626558,Abstract,"in the mouse, PFC COMT contributes about one half of the total DA clearance",abstract,Regional share from a mouse study.
edge,e-release-autoreceptor,release,autoreceptor,binding,step,Released dopamine also binds D2 autoreceptors on the releasing cell.,A,ford2014,Ford CP. The role of D2-autoreceptors in regulating dopamine neuron activity and transmission. Neuroscience 2014;282:13-22.,10.1016/j.neuroscience.2014.01.025,24463000,Abstract; Introduction,"providing feedback inhibition that controls cell firing and the synthesis, release, and uptake of dopamine",full text,
edge,e-autoreceptor-th,autoreceptor,th,feedback,feedback,Autoreceptor activity reduces dopamine synthesis.,A,ford2014,Ford CP. The role of D2-autoreceptors in regulating dopamine neuron activity and transmission. Neuroscience 2014;282:13-22.,10.1016/j.neuroscience.2014.01.025,24463000,Abstract; Introduction,"providing feedback inhibition that controls cell firing and the synthesis, release, and uptake of dopamine",full text,
edge,e-autoreceptor-release,autoreceptor,release,feedback,feedback,Autoreceptor activity reduces dopamine release.,A,ford2014,Ford CP. The role of D2-autoreceptors in regulating dopamine neuron activity and transmission. Neuroscience 2014;282:13-22.,10.1016/j.neuroscience.2014.01.025,24463000,Abstract; Introduction,"providing feedback inhibition that controls cell firing and the synthesis, release, and uptake of dopamine",full text,
edge,e-aadc-th,aadc,th,feedback,feedback,Dopamine and other catecholamines inhibit tyrosine hydroxylase (end-product feedback).,A,daubner2011,"Daubner SC, Le T, Wang S. Tyrosine hydroxylase and regulation of dopamine synthesis. Arch Biochem Biophys 2011;508(1):1-12.",10.1016/j.abb.2010.12.017,21176768,2.2 Binding by catecholamines,"Dopamine, norepinephrine, and epinephrine are all feedback inhibitors of TyrH",full text,
edge,e-vmat2-noradrenaline,vmat2,noradrenaline,branch,branch,"In noradrenaline cells, dopamine inside vesicles is converted to noradrenaline by DBH.",A,wassenberg2021,Wassenberg T et al. Clinical presentation and long-term follow-up of dopamine beta hydroxylase deficiency. J Inherit Metab Dis 2021;44(3):554-565.,10.1002/jimd.12321,33034372,Introduction,(nor)adrenergic neurosecretory vesicles in the central and peripheral nervous system … where the enzyme DBH … converts dopamine to norepinephrine,full text,
edge,e-vmat2-noradrenaline,vmat2,noradrenaline,branch,branch,"In noradrenaline cells, dopamine inside vesicles is converted to noradrenaline by DBH.",A,daubner2011,"Daubner SC, Le T, Wang S. Tyrosine hydroxylase and regulation of dopamine synthesis. Arch Biochem Biophys 2011;508(1):1-12.",10.1016/j.abb.2010.12.017,21176768,Introduction,Catecholamine synthesis then continues in vesicles via the actions of dopamine-β-hydroxylase,full text,
edge,e-tyrosine-outside-brain,tyrosine,outside-brain,branch,branch,The same starting material and enzymes are also used outside the brain.,A,daubner2011,"Daubner SC, Le T, Wang S. Tyrosine hydroxylase and regulation of dopamine synthesis. Arch Biochem Biophys 2011;508(1):1-12.",10.1016/j.abb.2010.12.017,21176768,Introduction,"In the latter, they are synthesized in the adrenal medulla",full text,
edge,e-tyrosine-outside-brain,tyrosine,outside-brain,branch,branch,The same starting material and enzymes are also used outside the brain.,A,tambasco2018,"Tambasco N, Romoli M, Calabresi P. Levodopa in Parkinson's disease: current status and future developments. Curr Neuropharmacol 2018;16(8):1239-1252.",10.2174/1570159x15666170510143821,28494719,Abstract; Pharmacokinetic and pharmacodynamic challenges,"peripherally, LD is primarily metabolized by AADC, monoamine oxidase (MAO), and catechol O-methyltransferase (COMT) … benserazide and carbidopa",full text,
omitted,,,,,,Reuptake to repackaging (DAT → VMAT2),,,,,,,,,No checked source stated it explicitly. Add when a source is located and quoted.
omitted,,,,,,"Cofactors of dopamine β-hydroxylase (vitamin C, copper)",,,,,,,,,Not source-checked for this page.
